{
  "mae": 154720.38906177293,
  "rmse": 488114.7457126817,
  "r2": 0.30288307284861204
}